{
  "generator-jhipster": {
    "applicationType": "monolith",
    "authenticationType": "jwt",
    "baseName": "projectApp",
    "blueprints": [],
    "buildTool": "maven",
    "cacheProvider": "ehcache",
    "clientFramework": "angularX",
    "clientPackageManager": "npm",
    "clientTheme": "none",
    "clientThemeVariant": "",
    "creationTimestamp": 1653203929623,
    "databaseType": "sql",
    "devDatabaseType": "mysql",
    "devServerPort": 4200,
    "dtoSuffix": "DTO",
    "enableGradleEnterprise": false,
    "enableHibernateCache": true,
    "enableSwaggerCodegen": false,
    "enableTranslation": true,
    "entitySuffix": "",
    "gitCompany": "",
    "jhiPrefix": "jhi",
    "jhipsterVersion": "7.8.1",
    "jwtSecretKey": "N2M5MTUyYjg2NDk2NWVkMGY3ODI4OGE4Njk3NWJlYTJmNGIyMGZkZDQ2OThiNTYwNDQzZGUzMTFiOGE5NTQ4MWVkMzc2M2YwNTcxODg2ODlhYzliYmIwNzFiNDY5MGM1YWFmZjk4ZTFhMDA2ZTVjNDlmNzg2OGU1MjQyNWY1ODQ=",
    "languages": ["es", "en"],
    "messageBroker": false,
    "nativeLanguage": "es",
    "otherModules": [],
    "packageFolder": "com/project/myapp",
    "packageName": "com.project.myapp",
    "pages": [],
    "prodDatabaseType": "mysql",
    "reactive": false,
    "searchEngine": false,
    "serverPort": 8080,
    "serviceDiscoveryType": false,
    "skipCheckLengthOfIdentifier": false,
    "skipFakeData": false,
    "skipUserManagement": false,
    "testFrameworks": ["gatling"],
    "useSass": true,
    "websocket": "spring-websocket",
    "withAdminUi": true
  }
}
